name,image,category,trailer,stars,platform
Una Herencia Peliaguda,https://res.cloudinary.com/dnju3aw4b/image/upload/v1714510519/NarcisoIPTV/herenciaPeliaguda_bnhel2.jpg,Comedy,https://www.youtube.com/watch?v=wV8gsQxSWOk,3,Prime Video
Puppy Love,https://res.cloudinary.com/dnju3aw4b/image/upload/v1714510650/NarcisoIPTV/puppy_love_tidrzp.jpg,Comedy,https://www.youtube.com/watch?v=skN4TYE6Wkk,4,Prime Video
Cómo escapar de Búfalo,https://res.cloudinary.com/dnju3aw4b/image/upload/v1714510772/NarcisoIPTV/escapardeBufalo_pvah2a.jpg,Comedy,https://www.youtube.com/watch?v=TRKjwCIYW0A,2,Prime Video
Un Hipster en la España vacía,https://res.cloudinary.com/dnju3aw4b/image/upload/v1714510869/NarcisoIPTV/hipster_vipits.jpg,Comedy,https://www.youtube.com/watch?v=ne2sd6If834,4,Prime Video
50 Sombras muy oscuras,https://res.cloudinary.com/dnju3aw4b/image/upload/v1714510959/NarcisoIPTV/50sombrasOscuras_mhzw9u.jpg,Comedy,https://www.youtube.com/watch?v=xsowkDvFU3w,4,Prime Video
Yummy,https://res.cloudinary.com/dnju3aw4b/image/upload/v1714511069/NarcisoIPTV/yummy_qhgsh0.jpg,Comedy,https://www.youtube.com/watch?v=RXHDRVXqcoQ,3,Prime Video
Desmadre Incluido,https://res.cloudinary.com/dnju3aw4b/image/upload/v1714511172/NarcisoIPTV/desmadre_incluido_nbkapj.jpg,Comedy,https://www.youtube.com/watch?v=ndNQ3sxBdmI,5,Prime Video
El Club del Paro,https://res.cloudinary.com/dnju3aw4b/image/upload/v1714511235/NarcisoIPTV/el_club_del_paro_uly8oh.jpg,Comedy,https://www.youtube.com/watch?v=TU6HaqKLqPA,3,Prime Video
Role Play,https://res.cloudinary.com/dnju3aw4b/image/upload/v1714511307/NarcisoIPTV/role_play_qs72wg.jpg,Comedy,https://www.youtube.com/watch?v=lZA4AJABZBY,5,Prime Video
Del lado del Verano,https://res.cloudinary.com/dnju3aw4b/image/upload/v1714511390/NarcisoIPTV/del_lado_del_verano_s6gmsh.jpg,Comedy,https://www.youtube.com/watch?v=npE8Fe03Bj0,3,Prime Video
En Temporada Baja,https://res.cloudinary.com/dnju3aw4b/image/upload/v1714511460/NarcisoIPTV/en_temporada_baja_djgiz3.jpg,Comedy,https://www.youtube.com/watch?v=d7B0vnQt_cc,2,Prime Video
Todo sobre mi Padre,https://res.cloudinary.com/dnju3aw4b/image/upload/v1714511542/NarcisoIPTV/about_my_father_mxymi6.jpg,Comedy,https://www.youtube.com/watch?v=exKtD9tikrM,4,Prime Video
Movie 43,https://res.cloudinary.com/dnju3aw4b/image/upload/v1714511629/NarcisoIPTV/movie_43_hgltww.jpg,Comedy,https://www.youtube.com/watch?v=OS3Hdf20z5Q,5,Prime Video
Perdiendo el este,https://res.cloudinary.com/dnju3aw4b/image/upload/v1714511721/NarcisoIPTV/perdiendo_el_este_xwbyvx.jpg,Comedy,https://www.youtube.com/watch?v=SZYBr_umNao,5,Prime Video
Las Reinas de los Cupones,https://res.cloudinary.com/dnju3aw4b/image/upload/v1714511839/NarcisoIPTV/queenpins_ojrkln.jpg,Comedy,https://www.youtube.com/watch?v=RsImUGxkIts,4,Prime Video
Un novio para mi Mujer,https://res.cloudinary.com/dnju3aw4b/image/upload/v1714511917/NarcisoIPTV/un_novio_para_mi_mujer_ulafrn.jpg,Comedy,https://www.youtube.com/watch?v=yU_ms32GeRw,4,Prime Video
Malditos Vecinos 2,https://res.cloudinary.com/dnju3aw4b/image/upload/v1714511984/NarcisoIPTV/neighbors_2_sorority_rising_fecyfm.jpg,Comedy,https://www.youtube.com/watch?v=iNC2WruQgVU,5,Prime Video
De perdidos a Río,https://res.cloudinary.com/dnju3aw4b/image/upload/v1714512046/NarcisoIPTV/de_perdidos_a_rio_yv8rrg.jpg,Comedy,https://www.youtube.com/watch?v=HfCv9rB9ZG0,4,Prime Video
Beekeeper,https://res.cloudinary.com/dnju3aw4b/image/upload/v1714574755/NarcisoIPTV/the_beekeeper_lxrh9w.jpg,Action,https://www.youtube.com/watch?v=oJm0t84q8c8,4,Prime Video
Una decisión peligrosa,https://res.cloudinary.com/dnju3aw4b/image/upload/v1714574877/NarcisoIPTV/good_people_shoqh0.jpg,Action,https://www.youtube.com/watch?v=RMvStHRyjic,3,Prime Video
Los Mercen4rios,https://res.cloudinary.com/dnju3aw4b/image/upload/v1714574981/NarcisoIPTV/expend4bles_n1ptp7.jpg,Action,https://www.youtube.com/watch?v=1o0MvhLn92U,4,Prime Video
Tren Bala Abatido,https://res.cloudinary.com/dnju3aw4b/image/upload/v1714575055/NarcisoIPTV/bullet_train_down_uqt1k5.jpg,Action,https://www.youtube.com/watch?v=1dN7jC7jFJI,3,Prime Video
Hypnotic,https://res.cloudinary.com/dnju3aw4b/image/upload/v1714575131/NarcisoIPTV/hypnotic_exrggl.jpg,Action,https://www.youtube.com/watch?v=QEb73Ri9U-4&t=35s,3,Prime Video
El mediador,https://res.cloudinary.com/dnju3aw4b/image/upload/v1714575202/NarcisoIPTV/blacklight_bgs9u4.jpg,Action,https://www.youtube.com/watch?v=wJ659jmpB7s,4,Prime Video
Most Dangerous Game,https://res.cloudinary.com/dnju3aw4b/image/upload/v1714575389/NarcisoIPTV/most_dangerous_game_dtrn9u.jpg,Action,https://www.youtube.com/watch?v=r1znJ-Pv22E,5,Prime Video
Ambulance,https://res.cloudinary.com/dnju3aw4b/image/upload/v1714575455/NarcisoIPTV/ambulance_h8pnpp.jpg,Action,https://www.youtube.com/watch?v=o8LGXCQXEwY,4,Prime Video
Awareness,https://res.cloudinary.com/dnju3aw4b/image/upload/v1714575538/NarcisoIPTV/awareness_cf4dgb.jpg,Action,https://www.youtube.com/watch?v=GdDtKKgANxE,4,Prime Video
Terminal,https://res.cloudinary.com/dnju3aw4b/image/upload/v1714575608/NarcisoIPTV/terminal_fonzrr.jpg,Action,https://www.youtube.com/watch?v=18RqtFuaNe8,5,Prime Video
Crank,https://res.cloudinary.com/dnju3aw4b/image/upload/v1714575729/NarcisoIPTV/crank_yz1gbq.jpg,Action,https://www.youtube.com/watch?v=hKkCNleSM4o,3,Prime Video
El juego del pulpo,https://res.cloudinary.com/dnju3aw4b/image/upload/v1714575806/NarcisoIPTV/the_octogame_s3qktb.jpg,Action,https://www.youtube.com/watch?v=AXk-2I_HM2o,3,Prime Video
Boss Level,https://res.cloudinary.com/dnju3aw4b/image/upload/v1714575919/NarcisoIPTV/boss_level_e8qyyw.jpg,Action,https://www.youtube.com/watch?v=K__U4HYzBwk,3,Prime Video
Código Fuente,https://res.cloudinary.com/dnju3aw4b/image/upload/v1714576004/NarcisoIPTV/source_code_cg0qup.jpg,Action,https://www.youtube.com/watch?v=NXE5SCHzPkU,4,Prime Video
Medellín,https://res.cloudinary.com/dnju3aw4b/image/upload/v1714576073/NarcisoIPTV/medellin_ilnxlh.jpg,Action,https://www.youtube.com/watch?v=gEPU6HB_AEU,4,Prime Video
John Wick 4,https://res.cloudinary.com/dnju3aw4b/image/upload/v1714576160/NarcisoIPTV/john_wick_chapter_4_an9uat.jpg,Action,https://www.youtube.com/watch?v=L0anWmmd8TI,5,Prime Video
El Contratista,https://res.cloudinary.com/dnju3aw4b/image/upload/v1714576273/NarcisoIPTV/the_contractor_eskaep.jpg,Action,https://www.youtube.com/watch?v=SaK670ZLUHs,3,Prime Video
Anna,https://res.cloudinary.com/dnju3aw4b/image/upload/v1714576440/NarcisoIPTV/anna_nq9w5h.jpg,Action,https://www.youtube.com/watch?v=oZSMV-NDH4w,4,Prime Video
La novena profecía ,https://res.cloudinary.com/dnju3aw4b/image/upload/v1714591885/NarcisoIPTV/9profecia_eabrwc.jpg,Horror,https://www.youtube.com/watch?v=i6WSE2VZwRg,3,Prime Video
Propiedad Privada,https://res.cloudinary.com/dnju3aw4b/image/upload/v1714592017/NarcisoIPTV/private_property_xllbws.jpg,Horror,https://www.youtube.com/watch?v=xc9BQyOSwBU,4,Prime Video
La invocación,https://res.cloudinary.com/dnju3aw4b/image/upload/v1714592100/NarcisoIPTV/we_summon_the_darknes_q4dhoy.jpg,Horror,https://www.youtube.com/watch?v=SrfKzcAMXPI,3,Prime Video
The broken,https://res.cloudinary.com/dnju3aw4b/image/upload/v1714592287/NarcisoIPTV/the_broken_bd9san.jpg,Horror,https://www.youtube.com/watch?v=s0IfcdGgg-s,4,Prime Video
El bufón,https://res.cloudinary.com/dnju3aw4b/image/upload/v1714593892/NarcisoIPTV/the_jester_daekqx.jpg,Horror,https://www.youtube.com/watch?v=UxR3l4PMzD8,4,Prime Video
Para Elisa,https://res.cloudinary.com/dnju3aw4b/image/upload/v1714593969/NarcisoIPTV/para_elisa_vrlljv.jpg,Horror,https://www.youtube.com/watch?v=WuNzWcMQiS0,2,Prime Video
El vecindario,https://res.cloudinary.com/dnju3aw4b/image/upload/v1714594041/NarcisoIPTV/vecindario_qcua2t.jpg,Horror,https://www.youtube.com/watch?v=Unk2Bhc_9JQ,3,Prime Video
La criada,https://res.cloudinary.com/dnju3aw4b/image/upload/v1714594138/NarcisoIPTV/the_maid_tkmodu.jpg,Horror,https://www.youtube.com/watch?v=unsXtUJydac,4,Prime Video
El Río del Terror,https://res.cloudinary.com/dnju3aw4b/image/upload/v1714594258/NarcisoIPTV/upurga_qbqyjw.jpg,Horror,https://www.youtube.com/watch?v=4Az4zpFx6xM,3,Prime Video
Un buen matrimonio,https://res.cloudinary.com/dnju3aw4b/image/upload/v1714594334/NarcisoIPTV/a_good_marriage_hzjxp4.jpg,Horror,https://www.youtube.com/watch?v=CrPjbe4oF4o,4,Prime Video
Medium,https://res.cloudinary.com/dnju3aw4b/image/upload/v1714594495/NarcisoIPTV/medium_b2ttso.jpg,Horror,https://www.youtube.com/watch?v=YQ3ATjnAlHY,3,Prime Video
Altar,https://res.cloudinary.com/dnju3aw4b/image/upload/v1714594644/NarcisoIPTV/altar-_dnln5f.jpg,Horror,https://www.youtube.com/watch?v=yQiScGs974I,4,Prime Video
La novia,https://res.cloudinary.com/dnju3aw4b/image/upload/v1714594788/NarcisoIPTV/LaNovia_igbl61.jpg,Horror,https://www.youtube.com/watch?v=xa_shObtvAQ,4,Prime Video
Relic,https://res.cloudinary.com/dnju3aw4b/image/upload/v1714594969/NarcisoIPTV/Relic_fsukkw.jpg,Horror,https://www.youtube.com/watch?v=0zbJyg1VGVw,3,Prime Video
El convento,https://res.cloudinary.com/dnju3aw4b/image/upload/v1714595071/NarcisoIPTV/elConvento_ktb9mj.jpg,Horror,https://www.youtube.com/watch?v=2uLdaofchbk,4,Prime Video
No tengas miedo,https://res.cloudinary.com/dnju3aw4b/image/upload/v1714595141/NarcisoIPTV/cobweb_vqufdt.jpg,Horror,https://www.youtube.com/watch?v=y3A9Zrd9YUc,4,Prime Video
Juego extremo,https://res.cloudinary.com/dnju3aw4b/image/upload/v1714595214/NarcisoIPTV/extremity_xz06kr.jpg,Horror,https://www.youtube.com/watch?v=yAYKO7gqYEk,4,Prime Video
Te veo,https://res.cloudinary.com/dnju3aw4b/image/upload/v1714595316/NarcisoIPTV/i_see_you_jmj0ff.jpg,Horror,https://www.youtube.com/watch?v=WtgLFVjWnmA,3,Prime Video
Salta,https://res.cloudinary.com/dnju3aw4b/image/upload/v1714651488/NarcisoIPTV/salta_upqa8l.jpg,Kids,https://www.youtube.com/watch?v=i_UthERfz9E,3,Prime Video
El reino Mágico,https://res.cloudinary.com/dnju3aw4b/image/upload/v1714651568/NarcisoIPTV/konyok_gorbunok_arfnaj.jpg,Kids,https://www.youtube.com/watch?v=K7ZbeCyUpuw,4,Prime Video
Mavka,https://res.cloudinary.com/dnju3aw4b/image/upload/v1714651647/NarcisoIPTV/mavka_zsqisj.jpg,Kids,https://www.youtube.com/watch?v=t4Qt-1svKD4,3,Prime Video
Tom & Jerry,https://res.cloudinary.com/dnju3aw4b/image/upload/v1714651743/NarcisoIPTV/tom_and_jerry_a5oqba.jpg,Kids,https://www.youtube.com/watch?v=E5dbpIjUm1k,4,Prime Video
Hotel transilvania,https://res.cloudinary.com/dnju3aw4b/image/upload/v1714651839/NarcisoIPTV/hotel_transylvania_ncqs2j.jpg,Kids,https://www.youtube.com/watch?v=VHv3Zy6zwco,3,Prime Video
Jóvenes extraordinarios,https://res.cloudinary.com/dnju3aw4b/image/upload/v1714651904/NarcisoIPTV/die_wolf_gang_cp7f8e.jpg,Kids,https://www.youtube.com/watch?v=gOgIgzr9Z8c,4,Prime Video
El secreto de Vicky,https://res.cloudinary.com/dnju3aw4b/image/upload/v1714652019/NarcisoIPTV/mystere_akwvy6.jpg,Kids,https://www.youtube.com/watch?v=cJS3eFV-v68,3,Prime Video
El principe olvidado,https://res.cloudinary.com/dnju3aw4b/image/upload/v1714652110/NarcisoIPTV/le_prince_oublie_rss3kr.jpg,Kids,https://www.youtube.com/watch?v=6oZl5Tu3Rj0,4,Prime Video
SuperPadre-Vacaciones de Verano,https://res.cloudinary.com/dnju3aw4b/image/upload/v1714652303/NarcisoIPTV/SuperpadreVacacionesDeVerano_hjycgf.jpg,Kids,https://www.youtube.com/watch?v=KS3i1Kt_y7Q,4,Prime Video
Carlitos y el campo de sueños,https://res.cloudinary.com/dnju3aw4b/image/upload/v1714652420/NarcisoIPTV/carlitos_y_el_campo_de_los_suenos_kdtzvo.jpg,Kids,https://www.youtube.com/watch?v=2tRSUT_qpzc,3,Prime Video
Ballerina,https://res.cloudinary.com/dnju3aw4b/image/upload/v1714652554/NarcisoIPTV/ballerina_gtkist.jpg,Kids,https://www.youtube.com/watch?v=CDPcawduyy0,3,Prime Video
Operación Ártico,https://res.cloudinary.com/dnju3aw4b/image/upload/v1714652628/NarcisoIPTV/operasjon_arktis_operation_blghhd.jpg,Kids,https://www.youtube.com/watch?v=yfkV8lkQmkk,3,Prime Video
Mi amigo el gigante,https://res.cloudinary.com/dnju3aw4b/image/upload/v1714652704/NarcisoIPTV/riendly_giant_r788vf.jpg,Kids,https://www.youtube.com/watch?v=QbvYDkr7sWY,4, Prime Video
SuperPadre-Fobia a las alturas,https://res.cloudinary.com/dnju3aw4b/image/upload/v1714652821/NarcisoIPTV/fobiaAlturas_lvnlwo.jpg,Kids,https://www.youtube.com/watch?v=HlCSYuwmVmU&t=15s,2,Prime Video
Mi mascota es un dinosaurio,https://res.cloudinary.com/dnju3aw4b/image/upload/v1714653395/NarcisoIPTV/JurassicPet_tmgh0y.jpg,Kids,https://www.youtube.com/watch?v=oG0SvCMttD0,4,Prime Video
Abulele,https://res.cloudinary.com/dnju3aw4b/image/upload/v1714653466/NarcisoIPTV/abulele_rstbzb.jpg,Kids,https://www.youtube.com/watch?v=1UP7t2CZjmU,3,Prime Video
El bebé Jefazo,https://res.cloudinary.com/dnju3aw4b/image/upload/v1714653525/NarcisoIPTV/the_boss_baby_pxlsgy.jpg,Kids,https://www.youtube.com/watch?v=7qsk3-dzcfc,4, Prime Video
Troop Zero,https://res.cloudinary.com/dnju3aw4b/image/upload/v1714653598/NarcisoIPTV/troop_zero_xlfiao.jpg,Kids,https://www.youtube.com/watch?v=Gi4C6GncmQ4,4,Prime Video
Actos de Venganza,https://res.cloudinary.com/dnju3aw4b/image/upload/v1714741031/NarcisoIPTV/acts_of_vengeance_ze9ok5.jpg,Action,https://www.youtube.com/watch?v=HKdv_NKFbwI,3,Hbo Max
Al filo del mañana,https://res.cloudinary.com/dnju3aw4b/image/upload/v1714741152/NarcisoIPTV/edge_of_tomorrow_lla3z1.jpg,Action,https://www.youtube.com/watch?v=Qd0_qYIhMZA,4,Hbo Max
Aquaman,https://res.cloudinary.com/dnju3aw4b/image/upload/v1714741208/NarcisoIPTV/aquaman_dhtump.jpg,Action,https://www.youtube.com/watch?v=mR0FHXJlpxg&t=4s,3,Hbo Max
Aquaman II El Reino Perdido,https://res.cloudinary.com/dnju3aw4b/image/upload/v1714741309/NarcisoIPTV/aquaman2_fllele.jpg,Action,https://www.youtube.com/watch?v=UTiKi-uRY1o,4,Hbo Max
Black Adam,https://res.cloudinary.com/dnju3aw4b/image/upload/v1714741365/NarcisoIPTV/black_adam_bgtqge.jpg,Action,https://www.youtube.com/watch?v=6FvFxKrdbew,3,Hbo Max
Blue Beetle,https://res.cloudinary.com/dnju3aw4b/image/upload/v1714741473/NarcisoIPTV/blue_beetle_z8dfle.jpg,Action,https://www.youtube.com/watch?v=I4nNE4jB5rc,4,Hbo Max
CatWoman,https://res.cloudinary.com/dnju3aw4b/image/upload/v1714741515/NarcisoIPTV/catwoman_m87wbu.jpg,Action,https://www.youtube.com/watch?v=7FhB4NRslps,3,Hbo Max
Contagio,https://res.cloudinary.com/dnju3aw4b/image/upload/v1714741602/NarcisoIPTV/contagion_nghrmn.jpg,Action,https://www.youtube.com/watch?v=lR08KACs988,4,Hbo Max
DeadWood,https://res.cloudinary.com/dnju3aw4b/image/upload/v1714741693/NarcisoIPTV/deadwood_the_movie_hbaofn.jpg,Action,https://www.youtube.com/watch?v=hcvmJ2gEKLk,3,Hbo Max
El destino de Jupiter,https://res.cloudinary.com/dnju3aw4b/image/upload/v1714741817/NarcisoIPTV/jupiter_ascending_tb6ewr.jpg,Action,https://www.youtube.com/watch?v=tKz2Z5l8uL8,4,Hbo Max
Dunkerque,https://res.cloudinary.com/dnju3aw4b/image/upload/v1714741861/NarcisoIPTV/dunkirk_p36emb.jpg,Action,https://www.youtube.com/watch?v=DsRcqwGOmUU,2,Hbo Max
Eraser Renacer,https://res.cloudinary.com/dnju3aw4b/image/upload/v1714741948/NarcisoIPTV/eraser_reborn_ojundz.jpg,Action,https://www.youtube.com/watch?v=lRsBMCQHiSw,3,Hbo Max
Escuadrón Suicida,https://res.cloudinary.com/dnju3aw4b/image/upload/v1714742032/NarcisoIPTV/the_suicide_squad_qevczw.jpg,Action,https://www.youtube.com/watch?v=hZP6bAni_kc,4,Hbo Max
Furia de Titanes,https://res.cloudinary.com/dnju3aw4b/image/upload/v1714742110/NarcisoIPTV/clash_of_the_titans_nejhwi.jpg,Action,https://www.youtube.com/watch?v=_dwKcW2vC58,4,Hbo Max
Geostorm,https://res.cloudinary.com/dnju3aw4b/image/upload/v1714742212/NarcisoIPTV/geostorm_qtuk90.jpg,Action,https://www.youtube.com/watch?v=sg8KPfyh-b8,3,Hbo Max
Invasión,https://res.cloudinary.com/dnju3aw4b/image/upload/v1714742269/NarcisoIPTV/invasion_uubah9.jpg,Action,https://www.youtube.com/watch?v=5H80VhwzaQI,4,Hbo Max
La leyenda de Tarzán,https://res.cloudinary.com/dnju3aw4b/image/upload/v1714742344/NarcisoIPTV/the_legend_of_tarzan_pznuql.jpg,Action,https://www.youtube.com/watch?v=VEEYWTPvmis&t=3s,4,Hbo Max
Megalodon,https://res.cloudinary.com/dnju3aw4b/image/upload/v1714742430/NarcisoIPTV/the_meg_jkjlpq.jpg,Action,https://www.youtube.com/watch?v=1sUbOSVTdgg&t=3s,4,Hbo Max
Algo bonito Para Variar,https://res.cloudinary.com/dnju3aw4b/image/upload/v1714742489/NarcisoIPTV/algoBonito_ohsxxw.jpg,Comedy,https://www.youtube.com/watch?v=-g_PMEZmves,3,Hbo Max
La espía que me achuchó,https://res.cloudinary.com/dnju3aw4b/image/upload/v1714742754/NarcisoIPTV/austin_spy_pewkc9.jpg,Comedy,https://www.youtube.com/watch?v=Vt3qDZWk6M8,4,Hbo Max
Austin Powers en Miembro de Oro,https://res.cloudinary.com/dnju3aw4b/image/upload/v1714742859/NarcisoIPTV/austin_powers_in_goldmember_mmxqlt.jpg,Comedy,https://www.youtube.com/watch?v=Cn61eTuN5Bk,4,Hbo Max
Barbie,https://res.cloudinary.com/dnju3aw4b/image/upload/v1714742990/NarcisoIPTV/barbie_iucyhy.jpg,Comedy,https://www.youtube.com/watch?v=vsJgLu3PIno,3,Hbo Max
Bendito Alcoholismo,https://res.cloudinary.com/dnju3aw4b/image/upload/v1714743083/NarcisoIPTV/wishful_drinking-747537490-large_alz1oy.jpg,Comedy,https://www.youtube.com/watch?v=dnx1sA9R1IA,4,Hbo Max
Camera Café,https://res.cloudinary.com/dnju3aw4b/image/upload/v1714743195/NarcisoIPTV/camera_cafe_gmlqwt.jpg,Comedy,https://www.youtube.com/watch?v=10XQI8hSIcw,3,Hbo Max
Carmina y Amén,https://res.cloudinary.com/dnju3aw4b/image/upload/v1714743280/NarcisoIPTV/carmina_y_amen_esojaf.jpg,Comedy,https://www.youtube.com/watch?v=JdIL4FkmH_E&t=11s,4,Hbo Max
Clear History,https://res.cloudinary.com/dnju3aw4b/image/upload/v1714744141/NarcisoIPTV/clear_history_w4av4z.jpg,Comedy,https://www.youtube.com/watch?v=iIrYd6fVpL8,4,Hbo Max
Con quién viajas,https://res.cloudinary.com/dnju3aw4b/image/upload/v1714744198/NarcisoIPTV/con_quien_viajas_d7xt8h.jpg,Comedy,https://www.youtube.com/watch?v=dbq2fH0Y0bI,4,Hbo Max
Cómo acabar con tu jefe,https://res.cloudinary.com/dnju3aw4b/image/upload/v1714744347/NarcisoIPTV/horrible_bosses_yavnjj.jpg,Comedy,https://www.youtube.com/watch?v=CNZXRYrDjDs,3,Hbo Max
De boda en boda,https://res.cloudinary.com/dnju3aw4b/image/upload/v1714744420/NarcisoIPTV/wedding_crashers_w7u0xj.jpg,Comedy,https://www.youtube.com/watch?v=wKahFEgeRg8,4,Hbo Max
Dirty Grandpa,https://res.cloudinary.com/dnju3aw4b/image/upload/v1714744494/NarcisoIPTV/dirtyGrandpa_xrxqw7.jpg,Comedy,https://www.youtube.com/watch?v=dbv3Mzf70LI,4,Hbo Max
Embarazados,https://res.cloudinary.com/dnju3aw4b/image/upload/v1714744599/NarcisoIPTV/embarazado_nkya2b.jpg,Comedy,https://www.youtube.com/watch?v=5BXd5vBJ2-8&t=2s,3,Hbo Max
La fiesta de la Vida,https://res.cloudinary.com/dnju3aw4b/image/upload/v1714744676/NarcisoIPTV/ein_fest_furs_leben_rqq8cv.jpg,Comedy,https://www.youtube.com/watch?v=4_cbTqM9rac,4,Hbo Max
House Party,https://res.cloudinary.com/dnju3aw4b/image/upload/v1714744761/NarcisoIPTV/house_party_a4541m.jpg,Comedy,https://www.youtube.com/watch?v=WZH3aoJgoAc,2,Hbo Max
Little Nicky,https://res.cloudinary.com/dnju3aw4b/image/upload/v1714744830/NarcisoIPTV/little_nicky_cxgs1e.jpg,Comedy,https://www.youtube.com/watch?v=RweuXnkWY3U,3,Hbo Max
Mamá o Papá,https://res.cloudinary.com/dnju3aw4b/image/upload/v1714744948/NarcisoIPTV/mama_o_papa_ahg6sz.jpg,Comedy,https://www.youtube.com/watch?v=j6l3u0at97o&t=3s,4,Hbo Max
Máscara,https://res.cloudinary.com/dnju3aw4b/image/upload/v1714745001/NarcisoIPTV/the_mask_zhuu95.jpg,Comedy,https://www.youtube.com/watch?v=d_f-htgnr-M,4,Hbo Max
Annabelle,https://res.cloudinary.com/dnju3aw4b/image/upload/v1714745113/NarcisoIPTV/annabelle_cd63z4.jpg,Horror,https://www.youtube.com/watch?v=8kmLHwKH31M&t=2s,3,Hbo Max
Annabelle Creation,https://res.cloudinary.com/dnju3aw4b/image/upload/v1714745134/NarcisoIPTV/annabelle_creation_dhfuww.jpg,Horror,https://www.youtube.com/watch?v=z8JQFAavU6M&t=3s,4,Hbo Max
Barco Fantasma,https://res.cloudinary.com/dnju3aw4b/image/upload/v1714745207/NarcisoIPTV/ghost_ship_dpqsup.jpg,Horror,https://www.youtube.com/watch?v=lsUYQlAuPFs&t=2s,2,Hbo Max
La cara del terror,https://res.cloudinary.com/dnju3aw4b/image/upload/v1714745315/NarcisoIPTV/the_astronaut_s_wife_haqnbw.jpg,Horror,https://www.youtube.com/watch?v=cGsf3TyHcAs,4,Hbo Max
Doctor Sueño,https://res.cloudinary.com/dnju3aw4b/image/upload/v1714745385/NarcisoIPTV/doctor_sleep_oae17f.jpg,Horror,https://www.youtube.com/watch?v=M1JL4xhF_k8&t=62s,3,Hbo Max
IT,https://res.cloudinary.com/dnju3aw4b/image/upload/v1714745511/NarcisoIPTV/it_pktyjy.jpg,Horror,https://www.youtube.com/watch?v=_oBZ_zTz0Nw&t=75s,4,Hbo Max
IT 2 ,https://res.cloudinary.com/dnju3aw4b/image/upload/v1714745563/NarcisoIPTV/it_chapter2_dxbznl.jpg,Horror,https://www.youtube.com/watch?v=nN1CqQgWFCM,3,Hbo Max
Maligno,https://res.cloudinary.com/dnju3aw4b/image/upload/v1714745621/NarcisoIPTV/malignant_xoanex.jpg,Horror,https://www.youtube.com/watch?v=HiRtqjgUBko,4,Hbo Max
La monja,https://res.cloudinary.com/dnju3aw4b/image/upload/v1714745699/NarcisoIPTV/the_nun_ijc8yx.jpg,Horror,https://www.youtube.com/watch?v=AKpPeLAMY9I,3,Hbo Max
La monja II,https://res.cloudinary.com/dnju3aw4b/image/upload/v1714745740/NarcisoIPTV/the_nun_ii_q9sq7z.jpg,Horror,https://www.youtube.com/watch?v=pdrPvHulyUY,3,Hbo Max
Nunca apagues la luz,https://res.cloudinary.com/dnju3aw4b/image/upload/v1714745815/NarcisoIPTV/lights_out_qczqru.jpg,Horror,https://www.youtube.com/watch?v=w1VXHtIqrYU,3,Hbo Max
El rito,https://res.cloudinary.com/dnju3aw4b/image/upload/v1715158968/NarcisoIPTV/the_rite_jnfvew.jpg,Horror,https://www.youtube.com/watch?v=t5vA--Agb3U,4,Hbo Max
Tótem,https://res.cloudinary.com/dnju3aw4b/image/upload/v1715159140/NarcisoIPTV/totem_qqdtpq.jpg,Horror,https://www.youtube.com/watch?v=ExHmr1Pa1Vw,3,Hbo Max
The bad Seed Returns,https://res.cloudinary.com/dnju3aw4b/image/upload/v1715159326/NarcisoIPTV/the_bad_seed_returns_bhhjpu.jpg,Horror,https://www.youtube.com/watch?v=VZPuuqgitxI,3,Hbo Max
El resplandor,https://res.cloudinary.com/dnju3aw4b/image/upload/v1715159211/NarcisoIPTV/the_shining_syvqmo.jpg,Horror,https://www.youtube.com/watch?v=A3q03BBwMp4,3,Hbo Max
El Caso Enfield,https://res.cloudinary.com/dnju3aw4b/image/upload/v1715159400/NarcisoIPTV/the_conjuring_2_the_enfield_poltergeist-489921396-large_j1uprv.jpg,Horror,https://www.youtube.com/watch?v=bynhxcPQRYA,4,Hbo Max
Obligado por el demonio,https://res.cloudinary.com/dnju3aw4b/image/upload/v1715159482/NarcisoIPTV/the_conjuring_the_devil_made_me_do_it_nuzqvd.jpg,Horror,https://www.youtube.com/watch?v=_LeRZFHqYLw,4,Hbo Max
The conjuring,https://res.cloudinary.com/dnju3aw4b/image/upload/v1715159608/NarcisoIPTV/the_conjuring_the_warren_osfmdx.jpg,Horror,https://www.youtube.com/watch?v=1kOlrEwTfco,3,Hbo Max
Cigüeñas,https://res.cloudinary.com/dnju3aw4b/image/upload/v1715159652/NarcisoIPTV/storks-_ogp6yi.jpg,Kids,https://www.youtube.com/watch?v=_2DO65R2Kds,3,Hbo Max
Elf,https://res.cloudinary.com/dnju3aw4b/image/upload/v1715167350/NarcisoIPTV/elf_ahlkoj.jpg,Kids,https://www.youtube.com/watch?v=52Z1dqbZfEM,4,Hbo Max
Happy Feet,https://res.cloudinary.com/dnju3aw4b/image/upload/v1715167530/NarcisoIPTV/happy_feet_vgvcew.jpg,Kids,https://www.youtube.com/watch?v=E4Bf-zf7Y40,3,Hbo Max
Happy Feet 2,https://res.cloudinary.com/dnju3aw4b/image/upload/v1715167608/NarcisoIPTV/happy_feet_two_gdplke.jpg,Kids,https://www.youtube.com/watch?v=Ic4NtR7HDBU,3,Hbo Max
Looney Tunes Back in Action,https://res.cloudinary.com/dnju3aw4b/image/upload/v1715167608/NarcisoIPTV/happy_feet_two_gdplke.jpg,Kids,https://www.youtube.com/watch?v=njeNwaUB3rc,3,Hbo Max
El mago de Oz,https://res.cloudinary.com/dnju3aw4b/image/upload/v1715167813/NarcisoIPTV/the_wizard_of_oz_im69ik.jpg,Kids,https://www.youtube.com/watch?v=zLUcr8LeGcc,4,Hbo Max
MeControte ,https://res.cloudinary.com/dnju3aw4b/image/upload/v1715168012/NarcisoIPTV/me_contro_te_zbl5xe.jpg,Kids,https://www.youtube.com/watch?v=0QoAFPadd2w,4,Hbo Max
Navidad en 8 bits,https://res.cloudinary.com/dnju3aw4b/image/upload/v1715168104/NarcisoIPTV/8_bit_christmas_rmfxg6.jpg,Kids,https://www.youtube.com/watch?v=t_EUIVgLwjw,3,Hbo Max
La novia cádaver,https://res.cloudinary.com/dnju3aw4b/image/upload/v1715168186/NarcisoIPTV/corpse_bride_jq17xi.jpg,Kids,https://www.youtube.com/watch?v=6wcj_aJ15gI,3,Hbo Max
El oso Yogui,https://res.cloudinary.com/dnju3aw4b/image/upload/v1715168269/NarcisoIPTV/yogi_bear_w1fgqp.jpg,Kids,https://www.youtube.com/watch?v=wQNZM4vr7ds,3,Hbo Max
Paddington ,https://res.cloudinary.com/dnju3aw4b/image/upload/v1715168366/NarcisoIPTV/paddington_ysncik.jpg,Kids,https://www.youtube.com/watch?v=Bt4J4MVuHXE,2,Hbo Max
Paddington 2,https://res.cloudinary.com/dnju3aw4b/image/upload/v1715168458/NarcisoIPTV/paddington_2_iikqjt.jpg,Kids,https://www.youtube.com/watch?v=yiXpBIeS2x8,2,Hbo Max
Pan,https://res.cloudinary.com/dnju3aw4b/image/upload/v1715168515/NarcisoIPTV/peter_pan_w7hjgf.jpg,Kids,https://www.youtube.com/watch?v=GISA8oez0NM,3,Hbo Max
Pinocho,https://res.cloudinary.com/dnju3aw4b/image/upload/v1715169191/NarcisoIPTV/pinocchio_c5qoms.jpg,Kids,https://www.youtube.com/watch?v=oGqZAacYGsA,3,Hbo Max
Pokémon Detective Pikachu,https://res.cloudinary.com/dnju3aw4b/image/upload/v1715169237/NarcisoIPTV/pokemon_detective_pikachu_eyhzpt.jpg,Kids,https://www.youtube.com/watch?v=IN1kuCo_SIc,2,Hbo Max
Polar Express,https://res.cloudinary.com/dnju3aw4b/image/upload/v1715169307/NarcisoIPTV/the_polar_express_i6e1fq.jpg,Kids,https://www.youtube.com/watch?v=4XkHPphBN_Q,3,Hbo Max
Scooby-Doo,https://res.cloudinary.com/dnju3aw4b/image/upload/v1715171817/NarcisoIPTV/happy_halloween_scooby_tciv12.jpg,Kids,https://www.youtube.com/watch?v=2GV_eLwNAjc,4,Hbo Max
Scooby-Doo2 ,https://res.cloudinary.com/dnju3aw4b/image/upload/v1715171921/NarcisoIPTV/scooby_doo_2_monsters_oibykg.jpg,Kids,https://www.youtube.com/watch?v=TT76WvGRGEs,3,Hbo Max
Alerta Roja,https://res.cloudinary.com/dnju3aw4b/image/upload/v1715172032/NarcisoIPTV/red_notice_nvcw9g.jpg,Action,https://www.youtube.com/watch?v=_L0DMAFBEjs,4,Netflix
SpiderHead,https://res.cloudinary.com/dnju3aw4b/image/upload/v1715172167/NarcisoIPTV/spiderhead_ohoufp.jpg,Action,https://www.youtube.com/watch?v=2izML8QwXrw,4,Netflix
Criminales en el Mar,https://res.cloudinary.com/dnju3aw4b/image/upload/v1715172210/NarcisoIPTV/murder_mystery_vhxsxk.jpg,Action,https://www.youtube.com/watch?v=qn14qE7xCh4&t=61s,3,Netflix
El agente invisible,https://res.cloudinary.com/dnju3aw4b/image/upload/v1715172272/NarcisoIPTV/the_gray_man_qxq3h4.jpg,Action,https://www.youtube.com/watch?v=8Iu1sECA0vw,4,Netflix
Turno de día,https://res.cloudinary.com/dnju3aw4b/image/upload/v1715172353/NarcisoIPTV/day_shift_g9pxu3.jpg,Action,https://www.youtube.com/watch?v=_GZdqPAWrO8,4,Netflix
Tyler Rake,https://res.cloudinary.com/dnju3aw4b/image/upload/v1715172396/NarcisoIPTV/extraction_n4udiz.jpg,Action,https://www.youtube.com/watch?v=WPQq7fw_XMk,3,Netflix
Ejercito de los Muertos,https://res.cloudinary.com/dnju3aw4b/image/upload/v1715172470/NarcisoIPTV/army_of_the_dead_qumson.jpg,Action,https://www.youtube.com/watch?v=Li7AzMfuCkA,2,Netflix
Lou,https://res.cloudinary.com/dnju3aw4b/image/upload/v1715172608/NarcisoIPTV/lou_r1xaq7.jpg,Action,https://www.youtube.com/watch?v=VEG2IIvYu60,4,Netflix
Noche de Lobos,https://res.cloudinary.com/dnju3aw4b/image/upload/v1715172683/NarcisoIPTV/hold_the_dark_z5aaq6.jpg,Action,https://www.youtube.com/watch?v=IB4_1xIpn_k,3,Netflix
Triple Frontera,https://res.cloudinary.com/dnju3aw4b/image/upload/v1715172763/NarcisoIPTV/triple_frontier_rlrowp.jpg,Action,https://www.youtube.com/watch?v=776SpFOv8to,4,Netflix
Centauro,https://res.cloudinary.com/dnju3aw4b/image/upload/v1715172804/NarcisoIPTV/centauro_byzl6d.jpg,Action,https://www.youtube.com/watch?v=p8CXKceGvAo,3,Netflix
La vieja Guardia,https://res.cloudinary.com/dnju3aw4b/image/upload/v1715172864/NarcisoIPTV/the_old_guard_utcbkx.jpg,Action,https://www.youtube.com/watch?v=OCDhMOrCEoc,4,Netflix
El declive,https://res.cloudinary.com/dnju3aw4b/image/upload/v1715197067/NarcisoIPTV/jusqu_au_declin_vt6zrz.jpg,Action,https://www.youtube.com/watch?v=7aFM45Ter40,3,Netflix
Wheelman,https://res.cloudinary.com/dnju3aw4b/image/upload/v1715197186/NarcisoIPTV/wheelman_ytoy7v.jpg,Action,https://www.youtube.com/watch?v=4XXFT0hCqYY,3,Netflix
Bajocero,https://res.cloudinary.com/dnju3aw4b/image/upload/v1715197332/NarcisoIPTV/bajocero_hiwbrx.jpg,Action,https://www.youtube.com/watch?v=HMIpTQuNA-U,4,Netflix
Enola Holmes,https://res.cloudinary.com/dnju3aw4b/image/upload/v1715197400/NarcisoIPTV/enola_holmes_lkfspd.jpg,Action,https://www.youtube.com/watch?v=bxG9VN9RrVs,3,Netflix
Diamantes en bruto,https://res.cloudinary.com/dnju3aw4b/image/upload/v1715197823/NarcisoIPTV/uncut_gems_qfluqe.jpg,Action,https://www.youtube.com/watch?v=gIjvydY048w,4,Netflix
El mundo es tuyo,https://res.cloudinary.com/dnju3aw4b/image/upload/v1715197900/NarcisoIPTV/le_monde_est_a_to_acajjb.jpg,Action,https://www.youtube.com/watch?v=XG8X7MNsWHo,4,Netflix
Atípico,https://res.cloudinary.com/dnju3aw4b/image/upload/v1715197977/NarcisoIPTV/atypical_uz7561.jpg,Comedy,https://www.youtube.com/watch?v=3qNkNtjGtEU,4,Netflix
Bob and David,https://res.cloudinary.com/dnju3aw4b/image/upload/v1715198056/NarcisoIPTV/w_bob_and_david_nqsr74.jpg,Comedy,https://www.youtube.com/watch?v=UKUOW3vsvfI,3,Netflix
Santa Clarita Diet,https://res.cloudinary.com/dnju3aw4b/image/upload/v1715198130/NarcisoIPTV/santa_clarita_diet_xo0jwy.jpg,Comedy,https://www.youtube.com/watch?v=ZMQCiGNZahU,3,Netflix
Dead to me,https://res.cloudinary.com/dnju3aw4b/image/upload/v1715198194/NarcisoIPTV/dead_to_me_hatafj.jpg,Comedy,https://www.youtube.com/watch?v=4RrJgoXdwak,4,Netflix
Easy,https://res.cloudinary.com/dnju3aw4b/image/upload/v1715198313/NarcisoIPTV/easy_h6im6x.jpg,Comedy,https://www.youtube.com/watch?v=4DdQibXDOb8,4,Netflix
Sex Education,https://res.cloudinary.com/dnju3aw4b/image/upload/v1715198390/NarcisoIPTV/sex_education_yud1fk.jpg,Comedy,https://www.youtube.com/watch?v=OiSL1pwE7Ck,3,Netflix
Orange is the new black,https://res.cloudinary.com/dnju3aw4b/image/upload/v1715198454/NarcisoIPTV/orange_is_the_new_black_fv6tew.jpg,Comedy,https://www.youtube.com/watch?v=q02zEJvcQtM,4,Netflix
Queridos blancos,https://res.cloudinary.com/dnju3aw4b/image/upload/v1715198517/NarcisoIPTV/dear_white_people_guhzly.jpg,Comedy,https://www.youtube.com/watch?v=q02zEJvcQtM,3,Netflix
Lovesick,https://res.cloudinary.com/dnju3aw4b/image/upload/v1715198596/NarcisoIPTV/lovesick_thsktk.jpg,Comedy,https://www.youtube.com/watch?v=Fsg2assxCHU,3,Netflix
American Vandal,https://res.cloudinary.com/dnju3aw4b/image/upload/v1715198663/NarcisoIPTV/american_vanda_s65yzf.jpg,Comedy,https://www.youtube.com/watch?v=u4MnzfW_tbI,4,Netflix
Master of none,https://res.cloudinary.com/dnju3aw4b/image/upload/v1715198745/NarcisoIPTV/master_of_none_presents_moments_in_love_ar6obh.jpg,Comedy,https://www.youtube.com/watch?v=iAv9cQZmy4k,2,Netflix
Tú la llevas,https://res.cloudinary.com/dnju3aw4b/image/upload/v1715198818/NarcisoIPTV/tag_evsnr2.jpg,Comedy,https://www.youtube.com/watch?v=pw1X1U-NUTY,3,Netflix
La gran apuesta,https://res.cloudinary.com/dnju3aw4b/image/upload/v1715198889/NarcisoIPTV/the_big_short_ggtd66.jpg,Comedy,https://www.youtube.com/watch?v=BSFz-3SUZdw,4,Netflix
Crazy stupid love,https://res.cloudinary.com/dnju3aw4b/image/upload/v1715198952/NarcisoIPTV/crazy_stupid_love_tw2pou.jpg,Comedy,https://www.youtube.com/watch?v=8DkiEgfIFE0,3,Netflix
Noche de juegos,https://res.cloudinary.com/dnju3aw4b/image/upload/v1715199013/NarcisoIPTV/game_night_fnsdmo.jpg,Comedy,https://www.youtube.com/watch?v=oDcq4GBOaTg,4,Netflix
La boda de mi mejor amigo,https://res.cloudinary.com/dnju3aw4b/image/upload/v1715199311/NarcisoIPTV/my_best_friend_s_wedding_gnyhok.jpg,Comedy,https://www.youtube.com/watch?v=7b1MkoRPAcg,3,Netflix
Pequeño demonio,https://res.cloudinary.com/dnju3aw4b/image/upload/v1715199358/NarcisoIPTV/little_evil_v8u2za.jpg,Comedy,https://www.youtube.com/watch?v=NhZhKVuyZrU,4,Netflix
Fé de etarras,https://res.cloudinary.com/dnju3aw4b/image/upload/v1715199450/NarcisoIPTV/fe_de_etarras_fudvts.jpg,Comedy,https://www.youtube.com/watch?v=l8q1LvaqGDw,4,Netflix
Kiki,https://res.cloudinary.com/dnju3aw4b/image/upload/v1715199533/NarcisoIPTV/kiki_el_amor_se_hace_w2mqpp.jpg,Comedy,https://www.youtube.com/watch?v=U9ues-uRToQ,3,Netflix
Casa ajena,https://res.cloudinary.com/dnju3aw4b/image/upload/v1715199595/NarcisoIPTV/his_house_q3o6w8.jpg,Horror,https://www.youtube.com/watch?v=06IJ3ulLR-M,2,Netflix
Creep,https://res.cloudinary.com/dnju3aw4b/image/upload/v1715199689/NarcisoIPTV/creep_pavl6v.jpg,Horror,https://www.youtube.com/watch?v=ioFvsUtiON8,3,Netflix
Creep 2,https://res.cloudinary.com/dnju3aw4b/image/upload/v1715199766/NarcisoIPTV/creep_2_ts7mze.jpg,Horror,https://www.youtube.com/watch?v=l_0sBk50Qr0,3,Netflix
El apóstol,https://res.cloudinary.com/dnju3aw4b/image/upload/v1715199925/NarcisoIPTV/el_apostol_yzjwqz.jpg,Horror,https://www.youtube.com/watch?v=GPW497RWuas,4,Netflix
El Hoyo,https://res.cloudinary.com/dnju3aw4b/image/upload/v1715199975/NarcisoIPTV/el_hoyo_us9lch.jpg,Horror,https://www.youtube.com/watch?v=24Lf7fmKIXI,4,Netflix
Aniquilación,https://res.cloudinary.com/dnju3aw4b/image/upload/v1715200049/NarcisoIPTV/annihilation_w1jale.jpg,Horror,https://www.youtube.com/watch?v=VGRaBxmdLbQ,3,Netflix
Los crímenes de la academia,https://res.cloudinary.com/dnju3aw4b/image/upload/v1715200146/NarcisoIPTV/the_pale_blue_eye_unfq31.jpg,Horror,https://www.youtube.com/watch?v=W8-inrn1FBs,2,Netflix
The babysitter,https://res.cloudinary.com/dnju3aw4b/image/upload/v1715200312/NarcisoIPTV/the_babysitter_w6wowl.jpg,Horror,https://www.youtube.com/watch?v=g-r1uT5DN4U,3,Netflix
Verónica,https://res.cloudinary.com/dnju3aw4b/image/upload/v1715200372/NarcisoIPTV/veronica_likfr7.jpg,Horror,https://www.youtube.com/watch?v=wNlMIvKnjOQ,4,Netflix
Tin y Tina,https://res.cloudinary.com/dnju3aw4b/image/upload/v1715200443/NarcisoIPTV/tin_tina_ozggkv.jpg,Horror,https://www.youtube.com/watch?v=PcU3MV-kbwY,3,Netflix
Un lugar en silencio,https://res.cloudinary.com/dnju3aw4b/image/upload/v1715200594/NarcisoIPTV/a_quiet_place_hdw4rx.jpg,Horror,https://www.youtube.com/watch?v=IrjEyOkq0To,4,Netflix
Un lugar en silencio 2,https://res.cloudinary.com/dnju3aw4b/image/upload/v1715200603/NarcisoIPTV/a_quiet_place_part_ii_ua537b.jpg,Horror,https://www.youtube.com/watch?v=oTkl2wz-TnQ,3,Netflix
La apariencia de las cosas,https://res.cloudinary.com/dnju3aw4b/image/upload/v1715200655/NarcisoIPTV/things_heard_seen_es5pi2.jpg,Horror,https://www.youtube.com/watch?v=TmcGxl_gIrs&t=13s,3,Netflix
Caso 39,https://res.cloudinary.com/dnju3aw4b/image/upload/v1715200739/NarcisoIPTV/case_39_frfqhe.jpg,Horror,https://www.youtube.com/watch?v=IszIIFj-fIc,2,Netflix
La cabaña siniestra,https://res.cloudinary.com/dnju3aw4b/image/upload/v1715200808/NarcisoIPTV/the_lodge_wiabzv.jpg,Horror,https://www.youtube.com/watch?v=koXzkBTvJl0,3,Netflix
En la hierba alta,https://res.cloudinary.com/dnju3aw4b/image/upload/v1715200878/NarcisoIPTV/in_the_tall_grass_ytjjlq.jpg,Horror,https://www.youtube.com/watch?v=bv65SkyyId8,4,Netflix
Mudanza mortal,https://res.cloudinary.com/dnju3aw4b/image/upload/v1715200939/NarcisoIPTV/aftermath_cqgtiy.jpg,Horror,https://www.youtube.com/watch?v=KZrnS-NRnLw,2,Netflix
El hombre agua,https://res.cloudinary.com/dnju3aw4b/image/upload/v1715201040/NarcisoIPTV/the_water_man_j8bbzx.jpg,Kids,https://www.youtube.com/watch?v=bIXjXghqws0,3,Netflix
Paternidad,https://res.cloudinary.com/dnju3aw4b/image/upload/v1715201176/NarcisoIPTV/fatherhood_lbfpv6.jpg,Kids,https://www.youtube.com/watch?v=oN5bJu467mU,4,Netflix
Agencia secreta de control mágico,https://res.cloudinary.com/dnju3aw4b/image/upload/v1715201300/NarcisoIPTV/secret_magic_control_agency_lxwjmw.jpg,Kids,https://www.youtube.com/watch?v=b5ZbtIEot1s,3,Netflix
Barrenderos espaciales,https://res.cloudinary.com/dnju3aw4b/image/upload/v1715201377/NarcisoIPTV/seungriho_ynqjod.jpg,Kids,https://www.youtube.com/watch?v=pdT4B0LTPCA,3,Netflix
Amor y monstruos,https://res.cloudinary.com/dnju3aw4b/image/upload/v1715201473/NarcisoIPTV/love_and_monsters_m5eqfa.jpg,Kids,https://www.youtube.com/watch?v=xX9jNWVel0Y,4,Netflix
Chica skater,https://res.cloudinary.com/dnju3aw4b/image/upload/v1715201561/NarcisoIPTV/skater_girl_awv2hy.jpg,Kids,https://www.youtube.com/watch?v=zWS6ju4phow,3,Netflix
El despertar de los titanes,https://res.cloudinary.com/dnju3aw4b/image/upload/v1715201613/NarcisoIPTV/trollhunters_rise__lexwlf.jpg,Kids,https://www.youtube.com/watch?v=Qi2_6-VzYcw,4,Netflix
Patines de plata,https://res.cloudinary.com/dnju3aw4b/image/upload/v1715201735/NarcisoIPTV/serebryanye_konk_prjjse.jpg,Kids,https://www.youtube.com/watch?v=8ossz37O6Lc,3,Netflix
El dragón de la tetera,https://res.cloudinary.com/dnju3aw4b/image/upload/v1715201834/NarcisoIPTV/wish_dragon_ovzttq.jpg,Kids,https://www.youtube.com/watch?v=vv5eCLLRGFE,4,Netflix
El Principito,https://res.cloudinary.com/dnju3aw4b/image/upload/v1715201888/NarcisoIPTV/le_petit_prince_the_little_prince_dm04ze.jpg,Kids,https://www.youtube.com/watch?v=NSJ9JjPZOVQ,4,Netflix
Trolls,https://res.cloudinary.com/dnju3aw4b/image/upload/v1715201965/NarcisoIPTV/trolls_mxlmkm.jpg,Kids,https://www.youtube.com/watch?v=dwSVxLssdVE,3,Netflix
Ahí viene cascarrabias,https://res.cloudinary.com/dnju3aw4b/image/upload/v1715202074/NarcisoIPTV/here_comes_the_grump_ysbnff.jpg,Kids,https://www.youtube.com/watch?v=O7u6BfgT9yc,3,Netflix
Una bruja en apuros,https://res.cloudinary.com/dnju3aw4b/image/upload/v1715202329/NarcisoIPTV/baile_f1k5ue.jpg,Kids,https://www.youtube.com/watch?v=Hf3pttO87es,4,Netflix
Shrek,https://res.cloudinary.com/dnju3aw4b/image/upload/v1715202413/NarcisoIPTV/shrek_h8yyrb.jpg,Kids,https://www.youtube.com/watch?v=CwXOrWvPBPk,3,Netflix
Cómo entrenar a tu dragon,https://res.cloudinary.com/dnju3aw4b/image/upload/v1715202487/NarcisoIPTV/how_to_train_your_dragon_orpuvw.jpg,Kids,https://www.youtube.com/watch?v=zUC2tcKYmEY,3,Netflix
Madagascar 3,https://res.cloudinary.com/dnju3aw4b/image/upload/v1715202555/NarcisoIPTV/madagascar_3_xrv4o2.jpg,Kids,https://www.youtube.com/watch?v=KfgCiDpBfUY,4,Netflix
Bolt,https://res.cloudinary.com/dnju3aw4b/image/upload/v1715202752/NarcisoIPTV/bolt_ex3xcv.jpg,Kids,https://www.youtube.com/watch?v=9np5OHor-uQ,3,Netflix
Zootopia,https://res.cloudinary.com/dnju3aw4b/image/upload/v1715202738/NarcisoIPTV/zootopia_ttd6di.jpg,Kids,https://www.youtube.com/watch?v=FbgT597OYZE,3,Netflix